material;prefix;p1;p2;p3;p4;p5;p6;p7;postfix;-;–;—;+;x;х;*
СПД 56 6мм LaptaPro HP Neutral 60/40 Temp +20Al/Air/SS+4M1 Temp+20Al/Air/SS+ 6M1 Temp, RAL 7031#6;СПД 56;6мм LaptaPro HP Neutral 60/40 Temp;20Al/Air/SS;4M1 Temp;20Al/Air/SS;6M1 Temp, RAL 7031#6;;;;0;0;0;4;0;0;0
СПД 56 10мм LaptaPro HP Neutral 60/40 Temp +16Al/Arg/PS+6M1 +16Al/Arg/PS+ 8M1 Temp;СПД 56;10мм LaptaPro HP Neutral 60/40 Temp;16Al/Arg/PS;6M1;16Al/Arg/PS;8M1 Temp;;;;0;0;0;4;0;0;0
СПД 56 6мм LaptaPro HP Neutral 60/40 Temp +20Al/Arg/PS+4M1 +20Al/Arg/PS+ 6M1 Temp;СПД 56;6мм LaptaPro HP Neutral 60/40 Temp;20Al/Arg/PS;4M1;20Al/Arg/PS;6M1 Temp;;;;0;0;0;4;0;0;0
СПД 56 6мм LaptaPro HP Neutral 60/40 Temp +20Al/Air/SS+4M1 Temp+20Al/Air/SS+ 6M1 Temp, RAL 7031#5;СПД 56;6мм LaptaPro HP Neutral 60/40 Temp;20Al/Air/SS;4M1 Temp;20Al/Air/SS;6M1 Temp, RAL 7031#5;;;;0;0;0;4;0;0;0
СПД 56 10мм LaptaPro HP Neutral 60/40 Temp +16Al/Air/SS+6M1 Temp+16Al/Air/SS+ 8M1 Temp, RAL 7031#5;СПД 56;10мм LaptaPro HP Neutral 60/40 Temp;16Al/Air/SS;6M1 Temp;16Al/Air/SS;8M1 Temp, RAL 7031#5;;;;0;0;0;4;0;0;0
СПД 41 6мм LaptaPro HP Neutral 60/40 Temp +12Al/Arg/PS+4M1+10Al/Arg/PS+44.2 Lam (4M1 Temp + 0,76pv+4M1);СПД 41;6мм LaptaPro HP Neutral 60/40 Temp;12Al/Arg/PS;4M1;10Al/Arg/PS;44.2 Lam (4M1 Temp + 0,76pv+4M1);;;;0;0;0;6;0;0;0
СП52 (6LartaProSENeutral70+zak-20-4-18-4top) рамка WarmexPro9005;СП52;6LartaProSENeutral70+zak;20;4;18;4top;;;рамка WarmexPro9005;4;0;0;1;1;0;0
СП52 (8LartaProSENeutral70+zak-16-6-16-6top) рамка WarmexPro9005;СП52;8LartaProSENeutral70+zak;16;6;16;6top;;;рамка WarmexPro9005;4;0;0;1;1;0;0
СП52 (6LPSENeutral70+zak-20-4zak-18-4top+zak) +Герметик Finotech 8000 WP9005;СП52;6LPSENeutral70+zak;20;4zak;18;4top+zak;;;+Герметик Finotech 8000 WP9005;4;0;0;3;0;0;0
СПД52: 8LPSESILVER60З(Ф)-16WP9005-6М1(Ф)-16WP9005-6И(Ф)(ПС)[ПР];СПД52: 8LPSESILVER60З;Ф);16WP9005;6М1(Ф);16WP9005;6И(Ф)(ПС;;;[ПР];4;0;0;0;0;0;0
СПД62: 10LPSESILVER60З(Ф)-18WP9005-8М1З(Ф)-18WP9005-8ИЗ(Ф)(ПС)[ПР];СПД62: 10LPSESILVER60З;Ф);18WP9005;8М1З(Ф);18WP9005;8ИЗ(Ф)(ПС;;;[ПР];4;0;0;0;0;0;0
СПД46: 8LPSESILVER60З(Ф)-14WP9005-6М1-12WP9005-6ИЗ(Ф)(ПС)[ПР];СПД46: 8LPSESILVER60З;Ф);14WP9005;6М1;12WP9005;6ИЗ(Ф)(ПС;;;[ПР];4;0;0;0;0;0;0
СПД 40мм (8 MF Silver 36/25 #2-10WP9005-6М1-10WP9005-6М1);СПД 40мм;8 MF Silver 36/25 #2;10WP9005;6М1;10WP9005;6М1;;;;4;0;0;0;0;0;0
СПД 40мм (6 MF 36/25 Silver #2-14WP9005-4М1-12WP9005-4М1);СПД 40мм;6 MF 36/25 Silver #2;14WP9005;4М1;12WP9005;4М1;;;;4;0;0;0;0;0;0
СПД 40мм (6 MF Silver 36/25 #2-14WP9005-4М1-12WP9005-4М1);СПД 40мм;6 MF Silver 36/25 #2;14WP9005;4М1;12WP9005;4М1;;;;4;0;0;0;0;0;0
СПД 40мм (6 MF Silver 36/25 #2-12WP9005-4М1-12WP9005-4М1зак);СПД 40мм;6 MF Silver 36/25 #2;12WP9005;4М1;12WP9005;4М1зак;;;;4;0;0;0;0;0;0
СП32 (4EcoBalance-24-4top) рамка WarmexPro9005;СП32;4EcoBalance;24;4top;;;;;рамка WarmexPro9005;2;0;0;0;1;0;0
СП40 (4Ecobalance-14-4-14-4) рамка WarmexPro9005;СП40;4Ecobalance;14;4;14;4;;;рамка WarmexPro9005;4;0;0;0;1;0;0
СП40 (4Ecobalance-14-4-14-4);СП40;4Ecobalance;14;4;14;4;;;;4;0;0;0;0;0;0
СП40 (4-14-4-14-4top) рамка WarmexPro9005;СП40;4;14;4;14;4top;;;рамка WarmexPro9005;4;0;0;0;1;0;0
СПД 52 мм: 8 LartaPro HP Neutral 60/40 зак – 16 Ar Chromatech RAL 9004 – 6 М1 – 16 Ar Chromatech RAL 9004 – 6 М1 зак;СПД 52 мм:;8 LartaPro HP Neutral 60/40 зак;16 Ar Chromatech RAL 9004;6 М1;16 Ar Chromatech RAL 9004;6 М1 зак;;;;0;4;0;0;0;0;0
СПД 44 мм: 6 LartaPro HP Neutral 60/40 зак – 14 Ar Chromatech RAL 9004 – 4 М1 – 14 Ar Chromatech RAL 9004 – 6 М1 зак;СПД 44 мм:;6 LartaPro HP Neutral 60/40 зак;14 Ar Chromatech RAL 9004;4 М1;14 Ar Chromatech RAL 9004;6 М1 зак;;;;0;4;0;0;0;0;0
СП40 (ЗП+4top-14-4-14-4top+ЗП) корп.(ЖК Счастливый квартал);СП40;ЗП+4top;14;4;14;4top+ЗП) корп.(ЖК Счастливый квартал;;;;4;0;0;2;0;0;0
СП40 (ЗП+4top-12-4-14-6top+zak+ЗП) корп.(ЖК Счастливый квартал);СП40;ЗП+4top;12;4;14;6top+zak+ЗП) корп.(ЖК Счастливый квартал;;;;4;0;0;3;0;0;0
6М1 зак;;6М1 зак;;;;;;;;0;0;0;0;0;0;0
СПО 24мм (6М1зак.-12-6М1зак.);СПО 24мм;6М1зак.;12;6М1зак.;;;;;;2;0;0;0;0;0;0
8зак.LartaPro SE Neutral 70/8М1зак/2;;8зак.LartaPro SE Neutral 70/8М1зак/2;;;;;;;;0;0;0;0;0;0;0
СП56 (10MultiComfortNeutral66/43+zak-14Ar-8-16Ar-8zak);СП56;10MultiComfortNeutral66/43+zak;14Ar;8;16Ar;8zak;;;;4;0;0;1;0;0;0
СП46 (6MultiComfortNeutral66/43+zak-16Ar-4-14Ar-3.1.3);СП46;6MultiComfortNeutral66/43+zak;16Ar;4;14Ar;3.1.3;;;;4;0;0;1;0;0;0
СП40 (4МФ Нейтрал(Ультра+)-14-4-14-4top+ЗП) корп. (ЖК Марсель-2);СП40;4МФ Нейтрал(Ультра+);14;4;14;4top+ЗП) корп. (ЖК Марсель-2;;;;5;0;0;2;0;0;0
СПО24: 5М1-14(WP9005)-5М1;СПО24:;5М1;14(WP9005);5М1;;;;;;2;0;0;0;0;0;0
СПО24: 5М1 зак.-14(WP9005)-5М1 зак.;СПО24:;5М1 зак.;14(WP9005);5М1 зак.;;;;;;2;0;0;0;0;0;0
СП40 (4Ecobalance-14-4-14-4) рамка WarmexPro9005;СП40;4Ecobalance;14;4;14;4;;;рамка WarmexPro9005;4;0;0;0;1;0;0
СП40 (4Ecobalance-14-4-14-4top) рамка WarmexPro9005;СП40;4Ecobalance;14;4;14;4top;;;рамка WarmexPro9005;4;0;0;0;1;0;0
СП40 (4-14-4-14-4top) рамка WarmexPro7035;СП40;4;14;4;14;4top;;;рамка WarmexPro7035;4;0;0;0;1;0;0
СПД 44мм (6зак.LartaPro SE Neutral 70 - 14Ar-4М1-14Ar-6 Phornix Clear RAL7016);СПД 44мм;6зак.LartaPro SE Neutral 70;14Ar;4М1;14Ar;6 Phornix Clear RAL7016;;;;4;0;0;0;1;0;0
СПД 44мм (6зак.LartaPro SE Neutral 70-14Ar-4М1-14Ar -И6зак.);СПД 44мм;6зак.LartaPro SE Neutral 70;14Ar;4М1;14Ar;И6зак.;;;;4;0;0;0;0;0;0
СПД 40мм (8 MF Silver 36/25 #2-10WP9005-6М1-10WP9005-6М1);СПД 40мм;8 MF Silver 36/25 #2;10WP9005;6М1;10WP9005;6М1;;;;4;0;0;0;0;0;0
СПД 40мм (6 MF 36/25 Silver #2-14WP9005-4М1-12WP9005-4М1);СПД 40мм;6 MF 36/25 Silver #2;14WP9005;4М1;12WP9005;4М1;;;;4;0;0;0;0;0;0
СПД 40мм (6 MF Silver 36/25 #2-12WP9005-4М1-12WP9005-6М1+бронь 200 мкм);СПД 40мм;6 MF Silver 36/25 #2;12WP9005;4М1;12WP9005;6М1+бронь 200 мкм;;;;4;0;0;1;0;0;0
СПД 40мм (6 MF Silver 36/25 #2-14WP9005-4М1-12WP9005-4М1);СПД 40мм;6 MF Silver 36/25 #2;14WP9005;4М1;12WP9005;4М1;;;;4;0;0;0;0;0;0
СПД 42 мм : 6 LartaPro HP Neutral 60/40 зак – 14 Ar Chromatech RAL 9004 – 4 М1 – 14 Ar Chromatech RAL 9004 – 4 М1 зак;СПД 42 мм :;6 LartaPro HP Neutral 60/40 зак;14 Ar Chromatech RAL 9004;4 М1;14 Ar Chromatech RAL 9004;4 М1 зак;;;;0;4;0;0;0;0;0
СПО 6 LartaPro HP Neutral 60/40 зак - 14 - 4 Phoenix Clear RAL 7024;СПО 6;LartaPro HP Neutral 60/40 зак;14;4 Phoenix Clear RAL 7024;;;;;;2;0;0;0;1;0;0
6Тх9х4х9х4И (32);;6Т;9;4;9;4И (32);;;;0;0;0;0;0;4;0
6Тх14х4(24);;6Т;14;4(24);;;;;;0;0;0;0;0;2;0
СП40 (4HPBronze20-14-4-14-4top) рамка WarmexPro9005;СП40;4HPBronze20;14;4;14;4top;;;рамка WarmexPro9005;4;0;0;0;1;0;0
СП40 (4Ecobalance-14-4-14-4top) рамка WarmexPro9005;СП40;4Ecobalance;14;4;14;4top;;;рамка WarmexPro9005;4;0;0;0;1;0;0
СПД (48) 4.4.1-14Ar-6-14Ar-4.4.1;СПД (48);4.4.1;14Ar;6;14Ar;4.4.1;;;;4;0;0;0;0;0;0
СПД 54 (6MF Neutral-18Cr9005-И6-18Cr9005-6M1);СПД 54;6MF Neutral;18Cr9005;И6;18Cr9005;6M1;;;;4;0;0;0;0;0;0
СПД 54 (8 SG Temp MF Neutral-18Cr9005-6M1 SG Temp-16Cr9005-6SG Col RAL);СПД 54;8 SG Temp MF Neutral;18Cr9005;6M1 SG Temp;16Cr9005;6SG Col RAL;;;;4;0;0;0;0;0;0
СПД 54 (8MF Neutral-16Cr9005-И6-16Cr9005-8M1);СПД 54;8MF Neutral;16Cr9005;И6;16Cr9005;8M1;;;;4;0;0;0;0;0;0
СП40 (6МФ Нейтрал(Ультра+)-12-6-10-6top) рамка WarmexPro9005;СП40;6МФ Нейтрал(Ультра+);12;6;10;6top;;;рамка WarmexPro9005;4;0;0;1;1;0;0
СП40 (4МФ Нейтрал(Ультра+)-14-4-14-4top) рамка WarmexPro9005;СП40;4МФ Нейтрал(Ультра+);14;4;14;4top;;;рамка WarmexPro9005;4;0;0;1;1;0;0
СП40 (4Ecobalance-14-4-14-4top) рамка WarmexPro9005;СП40;4Ecobalance;14;4;14;4top;;;рамка WarmexPro9005;4;0;0;0;1;0;0
СП40 (4-14-4-14-4top) рамка WarmexPro7035;СП40;4;14;4;14;4top;;;рамка WarmexPro7035;4;0;0;0;1;0;0
СП40 (4EcoBalance-14-4-14-4top) рамка WarmexPro7035;СП40;4EcoBalance;14;4;14;4top;;;рамка WarmexPro7035;4;0;0;0;1;0;0
СП40 (4-14-4-14-4top) рамка WarmexPro9005;СП40;4;14;4;14;4top;;;рамка WarmexPro9005;4;0;0;0;1;0;0
СП40 (4EcoBalance-14-4-14-4) рамка WarmexPro7035;СП40;4EcoBalance;14;4;14;4;;;рамка WarmexPro7035;4;0;0;0;1;0;0
СПД 40мм (8 MF Silver 36/25 #2-10WP9005-6М1-10WP9005-6М1);СПД 40мм;8 MF Silver 36/25 #2;10WP9005;6М1;10WP9005;6М1;;;;4;0;0;0;0;0;0
СПД 40мм (6 MF 70 Silver #2-14WP9005-4М1-12WP9005-4М1);СПД 40мм;6 MF 70 Silver #2;14WP9005;4М1;12WP9005;4М1;;;;4;0;0;0;0;0;0
СПД 40мм (8 MF Silver 70 #2-10WP9005-6М1-10WP9005-6М1);СПД 40мм;8 MF Silver 70 #2;10WP9005;6М1;10WP9005;6М1;;;;4;0;0;0;0;0;0
СПД 40мм (6 MF Silver 70 #2-12WP9005-4М1-12WP9005-6М1+бронь 200 мкм);СПД 40мм;6 MF Silver 70 #2;12WP9005;4М1;12WP9005;6М1+бронь 200 мкм;;;;4;0;0;1;0;0;0
СПД 40мм (6 MF Silver 70 #2-14WP9005-4М1-12WP9005-4М1);СПД 40мм;6 MF Silver 70 #2;14WP9005;4М1;12WP9005;4М1;;;;4;0;0;0;0;0;0
СПД 44мм (6зак.LartaPro SE Neutral 70 -14Ar-4М1-14Ar -И6зак.);СПД 44мм;6зак.LartaPro SE Neutral 70;14Ar;4М1;14Ar;И6зак.;;;;4;0;0;0;0;0;0
СП40 (4-14ar-4-14ar-4top);СП40;4;14ar;4;14ar;4top;;;;4;0;0;0;0;0;0
СП24 (4-16-4);СП24;4;16;4;;;;;;2;0;0;0;0;0;0
СП50 (6LartaProHPNeutral60/40-18-6-14-6top) WP9005;СП50;6LartaProHPNeutral60/40;18;6;14;6top;;;WP9005;4;0;0;0;0;0;0
СП50 (6LartaProHPNeutral60/40-18-6-14-6top) WP9005 СО СМЕЩЕНИЕМ;СП50;6LartaProHPNeutral60/40;18;6;14;6top;;;WP9005 СО СМЕЩЕНИЕМ;4;0;0;0;0;0;0
6 МФx18x4 ix16xK6,;;6 МФ;18;4 i;16;K6,;;;;0;0;0;0;4;0;0
6 МФx18x4 ix18x4,;;6 МФ;18;4 i;18;4,;;;;0;0;0;0;4;0;0
6 МФx18x4x18x4 i,;;6 МФ;18;4;18;4 i,;;;;0;0;0;0;4;0;0
СПД 44мм (8зак.LartaPro SE Neutral 70 -14Ar-4М1-12Ar -И6зак.);СПД 44мм;8зак.LartaPro SE Neutral 70;14Ar;4М1;12Ar;И6зак.;;;;4;0;0;0;0;0;0
СПО 24 мм(6зак.LartaPro SE Neutral 70 -12-6 Phoenix Clear RAL7016);СПО 24 мм;6зак.LartaPro SE Neutral 70;12;6 Phoenix Clear RAL7016;;;;;;2;0;0;0;1;0;0
СПО 24мм (6зак.LartaPro SE Neutral 70 -12-6 Phoenix Clear RAL7016);СПО 24мм;6зак.LartaPro SE Neutral 70;12;6 Phoenix Clear RAL7016;;;;;;2;0;0;0;1;0;0
СПД 44мм (6зак.LartaPro SE Neutral 70 - 14Ar-4М1-14Ar-6 Phoenix Clear RAL7016);СПД 44мм;6зак.LartaPro SE Neutral 70;14Ar;4М1;14Ar;6 Phoenix Clear RAL7016;;;;4;0;0;0;1;0;0
СПД 44мм (6зак.LartaPro SE Neutral 70 -14Ar-4М1-14Ar -И6зак.);СПД 44мм;6зак.LartaPro SE Neutral 70;14Ar;4М1;14Ar;И6зак.;;;;4;0;0;0;0;0;0
СПД 44мм (6зак.LartaPro SE Neutral 70 - 14Ar-4М1-14Ar-6 Phoenix Clear RAL7016);СПД 44мм;6зак.LartaPro SE Neutral 70;14Ar;4М1;14Ar;6 Phoenix Clear RAL7016;;;;4;0;0;0;1;0;0
СПД 44мм (8зак.LartaPro SE Neutral 70 -14Ar-4М1-12Ar -И6зак.);СПД 44мм;8зак.LartaPro SE Neutral 70;14Ar;4М1;12Ar;И6зак.;;;;4;0;0;0;0;0;0
СПД 44мм (6зак.LartaPro SE Neutral 70 -14Ar-4М1-14Ar -И6зак.);СПД 44мм;6зак.LartaPro SE Neutral 70;14Ar;4М1;14Ar;И6зак.;;;;4;0;0;0;0;0;0
6 МФx18x4 ix16xK6,;;6 МФ;18;4 i;16;K6,;;;;0;0;0;0;4;0;0
6 МФx18x4 ix18x4,;;6 МФ;18;4 i;18;4,;;;;0;0;0;0;4;0;0
(6MF ULTRA+#2-20-6М1);;6MF ULTRA+#2;20;6М1;;;;;;2;0;0;1;0;0;0
(6MF ULTRA+#2-18-8Stratobel 44.2);;6MF ULTRA+#2;18;8Stratobel 44.2;;;;;;2;0;0;1;0;0;0
СП24 (4-16-4);СП24;4;16;4;;;;;;2;0;0;0;0;0;0
СП46 (6MultiComfortNeutral66/43+zak-16-4-14-3.1.3);СП46;6MultiComfortNeutral66/43+zak;16;4;14;3.1.3;;;;4;0;0;1;0;0;0
СП56 (10MultiComfortNeutral66/43+zak-14-8-16-8zak);СП56;10MultiComfortNeutral66/43+zak;14;8;16;8zak;;;;4;0;0;1;0;0;0
СПД 48 (6з.-16-4М1-16-И6);СПД 48;6з.;16;4М1;16;И6;;;;4;0;0;0;0;0;0
СПД 56 (8з.-16-8М1-16-И8);СПД 56;8з.;16;8М1;16;И8;;;;4;0;0;0;0;0;0
СПД 50 (8MF Neutral-14Cr9005-И6-14Cr9005-8M1);СПД 50;8MF Neutral;14Cr9005;И6;14Cr9005;8M1;;;;4;0;0;0;0;0;0
СПД 40 (6MF Neutral-12Cr9005-И4-12Cr9005-6M1);СПД 40;6MF Neutral;12Cr9005;И4;12Cr9005;6M1;;;;4;0;0;0;0;0;0
СПД 50 (6MF Neutral-16Cr9005-И6-16Cr9005-6M1);СПД 50;6MF Neutral;16Cr9005;И6;16Cr9005;6M1;;;;4;0;0;0;0;0;0
(6MF ULTRA+#2-20-6М1);;6MF ULTRA+#2;20;6М1;;;;;;2;0;0;1;0;0;0
(6MF ULTRA+#2-18-8Stratobel 44.2);;6MF ULTRA+#2;18;8Stratobel 44.2;;;;;;2;0;0;1;0;0;0
СП40 (4-14-4-14-4top) рамка WarmexPro9005;СП40;4;14;4;14;4top;;;рамка WarmexPro9005;4;0;0;0;1;0;0
СП40 (4Ecobalance-14-4-14-4) рамка WarmexPro9005;СП40;4Ecobalance;14;4;14;4;;;рамка WarmexPro9005;4;0;0;0;1;0;0
СП40 (4-14-4-14-4top) рамка WarmexPro7035;СП40;4;14;4;14;4top;;;рамка WarmexPro7035;4;0;0;0;1;0;0
СПД 50 6SGTemp LartaPro HP Neutral 60/40 - 18 (WР.9005.черн) Ar - 4SGTemp М1 - 18 (WР.9005.черн) Ar - 4SGTemp М1 Нест.;СПД 50;6SGTemp LartaPro HP Neutral 60/40;18 (WР.9005.черн) Ar;4SGTemp М1;18 (WР.9005.черн) Ar;4SGTemp М1 Нест.;;;;4;0;0;0;0;0;0
СПД 50 8SGTemp LartaPro HP Neutral 60/40 - 16 (WР.9005.черн) Ar - 6SGTemp М1 - 14 (WР.9005.черн) Ar - 6SGTemp М1;СПД 50;8SGTemp LartaPro HP Neutral 60/40;16 (WР.9005.черн) Ar;6SGTemp М1;14 (WР.9005.черн) Ar;6SGTemp М1;;;;4;0;0;0;0;0;0
СПД 50 6SGTemp LartaPro HP Neutral 60/40 - 18 (WР.9005.черн) Ar - 4SGTemp М1 - 18 (WР.9005.черн) Ar - 4SGTemp М1;СПД 50;6SGTemp LartaPro HP Neutral 60/40;18 (WР.9005.черн) Ar;4SGTemp М1;18 (WР.9005.черн) Ar;4SGTemp М1;;;;4;0;0;0;0;0;0
6Temp;;6Temp;;;;;;;;0;0;0;0;0;0;0
Триплекс 4+1+4 закаленное;;Триплекс 4;1;4 закаленное;;;;;;0;0;0;2;0;0;0
СП40 (ЗП+4top-14-4-14-4top+ЗП) корп.(ЖК Счастливый квартал);СП40;ЗП+4top;14;4;14;4top+ЗП) корп.(ЖК Счастливый квартал;;;;4;0;0;2;0;0;0
СП40 (ЗП+4top-12-4-14-6top+zak+ЗП) корп.(ЖК Счастливый квартал);СП40;ЗП+4top;12;4;14;6top+zak+ЗП) корп.(ЖК Счастливый квартал;;;;4;0;0;3;0;0;0
СП24 (4-16-4);СП24;4;16;4;;;;;;2;0;0;0;0;0;0
СПД40 (4М1-14Ar-4М1-14Ar-И4зак);СПД40;4М1;14Ar;4М1;14Ar;И4зак;;;;4;0;0;0;0;0;0
8зак.LartaPro SE Neutral 70/8М1зак/2;;8зак.LartaPro SE Neutral 70/8М1зак/2;;;;;;;;0;0;0;0;0;0;0
6Temp;;6Temp;;;;;;;;0;0;0;0;0;0;0
СПД 40мм (6 MF Neutral Зак. - 14 - 4М1 Зак. - 12 - 4М1 Зак.);СПД 40мм;6 MF Neutral Зак.;14;4М1 Зак.;12;4М1 Зак.;;;;4;0;0;0;0;0;0
СПД 40мм (6 MF Neutral Зак. - 14 - 4М1 Зак. - 12 - 6 SG COL Ral 7031);СПД 40мм;6 MF Neutral Зак.;14;4М1 Зак.;12;6 SG COL Ral 7031;;;;4;0;0;0;0;0;0
СПД 40мм (6 MF Neutral - 14 - 4М1 - 12 - 4М1);СПД 40мм;6 MF Neutral;14;4М1;12;4М1;;;;4;0;0;0;0;0;0
СП52 (6LartaProSENeutral70+zak-20-4-18-4top) рамка WarmexPro9005;СП52;6LartaProSENeutral70+zak;20;4;18;4top;;;рамка WarmexPro9005;4;0;0;1;1;0;0
СП52 (8LartaProSENeutral70+zak-16-6-16-6top) рамка WarmexPro9005;СП52;8LartaProSENeutral70+zak;16;6;16;6top;;;рамка WarmexPro9005;4;0;0;1;1;0;0
СП52 (6LPSENeutral70+zak-20-4zak-18-4top+zak) +Герметик Finotech 8000 WP9005;СП52;6LPSENeutral70+zak;20;4zak;18;4top+zak;;;+Герметик Finotech 8000 WP9005;4;0;0;3;0;0;0
СПД 40 мм MF Neutral 4мм;;СПД 40 мм MF Neutral 4мм;;;;;;;;0;0;0;0;0;0;0
СПД 40 мм MF Neutral 6мм + притупка кромок всех стекол;;СПД 40 мм MF Neutral 6мм ;;;;;;; притупка кромок всех стекол;0;0;0;1;0;1;0
СП40 (4EcoBalance-14-4-14-4top);СП40;4EcoBalance;14;4;14;4top;;;;4;0;0;0;0;0;0
6М1зак.;;6М1зак.;;;;;;;;0;0;0;0;0;0;0
СПО 24мм (6М1зак.-12-6М1зак.);СПО 24мм;6М1зак.;12;6М1зак.;;;;;;2;0;0;0;0;0;0
СПД 32мм (4-10-4-10-4);СПД 32мм;4;10;4;10;4;;;;4;0;0;0;0;0;0
СПД 40мм (4-14-4-14-4);СПД 40мм;4;14;4;14;4;;;;4;0;0;0;0;0;0
СПД 40мм (4-14-4-14-4) НФ;СПД 40мм;4;14;4;14;4;;;НФ;4;0;0;0;0;0;0
(6MF ULTRA+#2-20-6М1);;6MF ULTRA+#2;20;6М1;;;;;;2;0;0;1;0;0;0
(6MF ULTRA+#2-18-8Stratobel 44.2);;6MF ULTRA+#2;18;8Stratobel 44.2;;;;;;2;0;0;1;0;0;0
6М1зак.;;6М1зак.;;;;;;;;0;0;0;0;0;0;0
СПО 24мм (6М1зак.-12-6М1зак.);СПО 24мм;6М1зак.;12;6М1зак.;;;;;;2;0;0;0;0;0;0
"6Larta Pro Home Balance;СнФ-12-4М1;СнФ-14-И4;СнФ";;"6Larta Pro Home Balance;СнФ";12;"4М1;СнФ";14;"И4;СнФ";;;;4;0;0;0;0;0;0
Стекло 4зак;;Стекло 4зак;;;;;;;;0;0;0;0;0;0;0
Стекло 4Изак;;Стекло 4Изак;;;;;;;;0;0;0;0;0;0;0
СПО24мм - 6зак-12ПВХ(черн)-6зак;СПО24мм;;6зак;12ПВХ(черн);6зак;;;;;3;0;0;0;0;0;0
40 (4-14-4-14-4);40;4;14;4;14;4;;;;4;0;0;0;0;0;0
6Temp;;6Temp;;;;;;;;0;0;0;0;0;0;0
СП40 (4.1.4EcoBalance-12-5-10-4top) рамка WarmexPro7035;СП40;4.1.4EcoBalance;12;5;10;4top;;;рамка WarmexPro7035;4;0;0;0;1;0;0
СП40 (4-14-4-14-4top) рамка WarmexPro7035;СП40;4;14;4;14;4top;;;рамка WarmexPro7035;4;0;0;0;1;0;0
СПД 62мм (10М1 Зак - 18Ar Черн.- И8 Зак -18Ar Черн.- И8 Зак);СПД 62мм;10М1 Зак;18Ar Черн.;И8 Зак;18Ar Черн.;И8 Зак;;;;4;0;0;0;0;0;0
СПД 62мм (10М1 Зак - 18Ar Черн.- И8 Зак -18Ar Черн.- И8 Зак) см. эскизы;СПД 62мм;10М1 Зак;18Ar Черн.;И8 Зак;18Ar Черн.;И8 Зак;;;см. эскизы;4;0;0;0;0;0;0
СПД 50мм (6М1 Зак - 16Ar Черн.- И6 Зак -16Ar Черн.- И6 Зак);СПД 50мм;6М1 Зак;16Ar Черн.;И6 Зак;16Ar Черн.;И6 Зак;;;;4;0;0;0;0;0;0
СП40 (6-14-4-12-4top);СП40;6;14;4;12;4top;;;;4;0;0;0;0;0;0
СП40 (4-14-4-14-4top) рамка WarmexPro9005;СП40;4;14;4;14;4top;;;рамка WarmexPro9005;4;0;0;0;1;0;0
"6М1 зак-16-6М1;СнФ-16-И6;СнФ";;6М1 зак;16;"6М1;СнФ";16;"И6;СнФ";;;;4;0;0;0;0;0;0
"6М1;СнФ-14-6М1;СнФ-14-И6;СнФ";;"6М1;СнФ";14;"6М1;СнФ";14;"И6;СнФ";;;;4;0;0;0;0;0;0
Стекло Триплекс 9мм (4.1.4);;Стекло Триплекс 9мм (4.1.4);;;;;;;;0;0;0;0;0;0;0
СПО (24) 4м1-16-4м1;СПО (24);4м1;16;4м1;;;;;;2;0;0;0;0;0;0
СПД (40) 4М1-14Ar-4М1-14Ar-И4;СПД (40);4М1;14Ar;4М1;14Ar;И4;;;;4;0;0;0;0;0;0
СП24 (4-16-4);СП24;4;16;4;;;;;;2;0;0;0;0;0;0
СПО24мм - 6зак-12ПВХ(черн)-6зак;СПО24мм;;6зак;12ПВХ(черн);6зак;;;;;3;0;0;0;0;0;0
Стекло 10мм закаленное Planibel Bronze ЕВРОКРОМКА;;Стекло 10мм закаленное Planibel Bronze ЕВРОКРОМКА;;;;;;;;0;0;0;0;0;0;0
Стекло 6мм закаленное Planibel Bronze ЕВРОКРОМКА;;Стекло 6мм закаленное Planibel Bronze ЕВРОКРОМКА;;;;;;;;0;0;0;0;0;0;0
СПО 24мм (6М1зак.-12-6М1зак.);СПО 24мм;6М1зак.;12;6М1зак.;;;;;;2;0;0;0;0;0;0
